Time,Nasdaq,Title
09:05 ET,NASDAQ: SMCI,Supermicro Unveils a Broad Portfolio of Performance Optimized and Energy Efficient (Air and Liquid Cooled) Systems Incorporating 4th Gen Intel® Xeon® Scalable Processors
09:01 ET,Nasdaq: BL,"Visibility over Cash will be Key to Surviving Economic Storm, Claim Majority of Global C-Suite Execs and Finance & Accounting Professionals"
09:00 ET,NASDAQ: POCI,Precision Optics to Uplist to the Nasdaq Capital Market
09:00 ET,Nasdaq: SHPH,Shuttle Pharmaceuticals Provides Third Quarter 2022 Corporate Update
09:00 ET,NASDAQ: GPRO,GoPro Makes Outside Magazine's 'Best Places to Work' List for Second Consecutive Year
09:00 ET,NASDAQ: LCID,Lucid Air Touring and Air Pure Now Ready for the Road with Market-Leading Range and Aero; Air Sapphire Dominates Test Tracks on the Way to 2023 Introduction
08:54 ET,NASDAQ: ALLT,Allot Announces Third Quarter 2022 Financial Results
08:31 ET,NASDAQ: LWLG,Lightwave Logic Announces Issuance of U.S. Patent for New Hybrid Photonics to Enable Improved Modulator Fabrication in High-Volume Foundry Manufacturing
08:30 ET,NASDAQ: NRSN,NeuroSense Receives FDA Clearance of IND for its ALS Phase 2b Study
08:30 ET,NASDAQ: SERA,SERA PROGNOSTICS ANNOUNCES PUBLICATION OF DATA PREDICTING CLINICAL UTILITY AND COST EFFECTIVENESS OF THE PRETRM® TEST-AND-TREAT STRATEGY ACROSS DIVERSE POPULATIONS
08:30 ET,NASDAQ: MYSZ,MySize Reports Third Quarter Financial Results
